UserScreenName,UserName,Timestamp,Text,Embedded_text,Emojis,Comments,Likes,Retweets,Image link,Tweet URL
Knut Svanholm,@knutsvanholm,2022-02-21T22:36:26.000Z,"Knut Svanholm
@knutsvanholm
¬∑
Feb 21","Canadians, and everyone else for that matter!

Your money in the bank is not yours
It's not even money to begin with

You have one option and one option only

Adapt now, while you still have the chance
#Bitcoin
Dr Jordan B Peterson
@jordanbpeterson
 ¬∑ Feb 21
Trudeau Government Moves to Make Expanded Surveillance Powers over Financial Transactions ""Permanent' https://nationalreview.com/corner/trudeau-government-moves-to-make-expanded-surveillance-powers-over-financial-transactions-permanent/‚Ä¶
4
7
50",,4,7,50,['https://pbs.twimg.com/profile_images/1407056014776614923/TKBC60e1_normal.jpg'],https://twitter.com/knutsvanholm/status/1495890184759652357
Lee Ourand,@leeourand,2022-02-21T12:16:02.000Z,"Lee Ourand
@leeourand
¬∑
Feb 21","DHH isn‚Äôt the only co-founder I know of who‚Äîinstead of introspecting a bit after doing something stupid and being criticized by ‚Äúthe left‚Äù‚Äîbecame a right-wing apologist and weird bitcoin enthusiast. Bit of a train wreck to observe.
DHH
@dhh
 ¬∑ Feb 21
""I still can't believe that this is the protest that would prove every Bitcoin crank a prophet. And for me to have to slice a piece of humble pie, and admit that I was wrong on crypto's fundamental necessity in Western democracies."" https://world.hey.com/dhh/i-was-wrong-we-need-crypto-587ccb03‚Ä¶
6
6",,6,,6,['https://pbs.twimg.com/profile_images/975876868455809024/eK7mDppU_normal.jpg'],https://twitter.com/leeourand/status/1495734051851968514
Sergio Valenzuela,@BitcoinSergio,2022-02-21T12:51:12.000Z,"Sergio Valenzuela
@BitcoinSergio
¬∑
Feb 21","Replying to 
@QCryptogirl
 and 
@CAPITALRADIOB
moon
2",,,,2,[],https://twitter.com/BitcoinSergio/status/1495742903385272326
avalBit,@avalBit,2022-02-21T20:30:04.000Z,"avalBit
@avalBit
¬∑
Feb 21","Bitcoin Bill Introduced to Allow Californians to Pay State Services With Crypto
fool.com
Bitcoin Bill Introduced to Allow Californians to Pay State Services With Crypto
California takes its first step toward accepting Bitcoin as payment for state taxes and fees as a state lawmaker introduces a new Bitcoin bill.",,,,,['https://pbs.twimg.com/card_img/1498344757524840455/DPslhvr-?format=jpg&name=medium'],https://twitter.com/avalBit/status/1495858379452997633
David Zaera,@monsieurdeivid,2022-02-21T09:28:10.000Z,"David Zaera
@monsieurdeivid
¬∑
Feb 21","Replying to 
@dinerobolsa
Bitcoin y esperar. 
@RemindMe_OfThis
 in 4 years
1",,1,,,[],https://twitter.com/monsieurdeivid/status/1495691808579407876
Knut Svanholm,@knutsvanholm,2022-02-22T07:37:19.000Z,"Knut Svanholm
@knutsvanholm
¬∑
Feb 22","E equals mc squared. 

If you add up all the energy consumed since bitcoin's inception and divide it by 21 million, you get about 37 Giga Joules. That's the equivalent of 0.415 micrograms per bitcoin. 

In other words, bitcoins cost around $90M per kilogram.
@C_Bendiksen
8
14
76",,8,14,76,[],https://twitter.com/knutsvanholm/status/1496026302188556292
Jaco‚Çø,@Jacobomedrano_,2022-02-22T09:52:37.000Z,"Jaco‚Çø
@Jacobomedrano_
¬∑
Feb 22","How am I not going to be bullish??? #Bitcoin
1
1",,1,,1,"['https://pbs.twimg.com/media/FMMS8-1WUAYfBXN?format=jpg&name=900x900', 'https://pbs.twimg.com/media/FMMS8-1XwAYyOtw?format=jpg&name=small']",https://twitter.com/Jacobomedrano_/status/1496060348780191748
Andr√©s,@andresancap,2022-02-22T19:24:33.000Z,"Andr√©s
@andresancap
¬∑
Feb 22","Replying to 
@SportyWalter
 and 
@aantonop
Without a central bank in Bitcoin to cover those exchanges, the risk of doing a sort of fractional reserve is too high for them to even try.

At the end, BTC is BTC and no BTC can be created by anyone except by the miners in a known and limited quantity.
3",‚ö° üêç,,,3,[],https://twitter.com/andresancap/status/1496204281136963585
Knut Svanholm,@knutsvanholm,2022-02-22T07:43:28.000Z,"Knut Svanholm
@knutsvanholm
¬∑
Feb 22","""You can't do anything but vote""

That's it, Mr. Trudeau.
That is the problem.

Pssst, you can opt-out with #Bitcoin too
Justin Trudeau
@JustinTrudeau
Officiel du gouvernement - Canada
 ¬∑ Feb 21
There‚Äôs no doubt the past few weeks have been difficult, that the past few years have been painful, or that there are still challenges we‚Äôll have to face. But we cannot allow anger to divide us. Now is the time to work together ‚Äì and to start healing as a nation.
6
4
43",,6,4,43,"['https://pbs.twimg.com/profile_images/1426938479909421056/QpI3TSNn_normal.jpg', 'https://pbs.twimg.com/semantic_core_img/1290392753013002240/mWq1iE5L?format=png&name=orig', 'https://pbs.twimg.com/media/FMKYYdQWQAY_Y4z.jpg']",https://twitter.com/knutsvanholm/status/1496027847357571076
devbarnyard.eth,@devbarnyard,2022-02-22T15:24:03.000Z,"devbarnyard.eth
@devbarnyard
¬∑
Feb 22","The 
@NetworkUmbria
 bridge just bridged $ETH from 
@ethereum
 mainnet to 
@FantomFDN
 for the first time.

Total cost: $5.40
Total time: 1 minute 28 seconds

10x cheaper and 10x faster always 
2
10
23",üí®,2,10,23,[],https://twitter.com/devbarnyard/status/1496143759351992323
David Villalba Bell√≥n,@david_Vill_Bell,2022-02-22T13:02:13.000Z,"David Villalba Bell√≥n
@david_Vill_Bell
¬∑
Feb 22","Intel's custom Bitcoin processor could lead to chips for a supercomputing edge
networkworld.com
Intel's custom Bitcoin processor could lead to chips for a supercomputing edge
Intel is setting up an internal group to develop a processor optimized for Bitcoin mining, but the group will also work on ""other custom accelerated-supercomputing opportunities at the edge"".
1",,1,,,['https://pbs.twimg.com/card_img/1497265567425781768/kt1f6lmW?format=jpg&name=medium'],https://twitter.com/david_Vill_Bell/status/1496108062507077633
Millie Dimitrova,@crypto__millie,2022-02-22T21:29:06.000Z,"Millie Dimitrova
@crypto__millie
¬∑
Feb 22","Do you think that the problem in Ukraine will affect the price of  #Bitcoin?
Yes
64.1%
No
35.9%
39 votes
¬∑
Final results
2",üå∏,2,,,[],https://twitter.com/crypto__millie/status/1496235625267310592
Knut Svanholm,@knutsvanholm,2022-02-22T16:14:17.000Z,"Knut Svanholm
@knutsvanholm
¬∑
Feb 22","Replying to 
@jordanbpeterson
#Bitcoin fixes this
1
28",,1,,28,[],https://twitter.com/knutsvanholm/status/1496156397322518532
Knut Svanholm,@knutsvanholm,2022-02-22T08:22:34.000Z,"Knut Svanholm
@knutsvanholm
¬∑
Feb 22","This really is all we're saying!
#Bitcoin #JohnLennon 
@seanonolennon
youtube.com
GIVE PEACE A CHANCE. (Ultimate Mix, 2020) - Plastic Ono Band (offic...
JOHN LENNON. GIMME SOME TRUTH. THE ULTIMATE MIXES. The Very Best of John Lennon.36 tracks completely remixed from the original multitracks in Stereo, 5.1 and...
1
7",,,1,7,['https://pbs.twimg.com/card_img/1495950599564795906/CveS0Hya?format=jpg&name=small'],https://twitter.com/knutsvanholm/status/1496037686280343557
Bravo75,@Steve48201666,2022-02-22T09:49:06.000Z,"Bravo75
@Steve48201666
¬∑
Feb 22","Replying to 
@BaruchLeviathan
 and 
@Bitcoin
It's starting to look that way.",,,,,[],https://twitter.com/Steve48201666/status/1496059466021851137
Ren√© Bijloo,@cocinasolarrene,2022-02-22T20:21:21.000Z,"Ren√© Bijloo
@cocinasolarrene
¬∑
Feb 22","Replying to 
@AnnaAtlasBTC
Bitcoin is love and freedom.
1
2",,1,,2,[],https://twitter.com/cocinasolarrene/status/1496218573655654408
crossoverboy86,@MarceJustMarce,2022-02-22T13:29:06.000Z,"crossoverboy86
@MarceJustMarce
¬∑
Feb 22","Replying to 
@Domi16081
 and 
@CryptoWorldJosh
If the bear market is coming you may lose 80% in total if you bought the top, you're not going to 0. And that's the worst case scenario. Nobody really knows what's going to happen. I've never met anyone who sold bitcoin in a situation like that and didn't regret it later
1
1",,1,,1,[],https://twitter.com/MarceJustMarce/status/1496114828984864775
Knut Svanholm,@knutsvanholm,2022-02-23T20:46:44.000Z,"Knut Svanholm
@knutsvanholm
¬∑
Feb 23","This is the best sd for #Bitcoin I've ever seen
Giovanni Emmanuel
@topiltzingio
 ¬∑ Feb 23
Replying to @SantiagoAuFund
2:15
34.9K views
11
12
72",üëΩ,11,12,72,['https://pbs.twimg.com/profile_images/1450673895795671046/gbP0S4hy_normal.jpg'],https://twitter.com/knutsvanholm/status/1496587350486491136
Seamus Molloy,@seamusmolloy21,2022-02-23T01:03:05.000Z,"Seamus Molloy
@seamusmolloy21
¬∑
Feb 22","It's boring, basic and takes years!!
Plus, Day trading by phone is so 2017!!! Bit like #Bitcoin
1",,,,1,['https://pbs.twimg.com/media/FMPjWP5XIAQkNbc?format=jpg&name=900x900'],https://twitter.com/seamusmolloy21/status/1496289474711638023
iinnoact,@iinnoact,2022-02-23T17:59:02.000Z,"iinnoact
@iinnoact
¬∑
Feb 23","Luckybity Bitcoin Casino
iinnoact.es
Luckybity Bitcoin Casino
In the meantime, there is a considerable selection of providers and we will help you find your personal crypto casino. Naturally, online gambling with cryptocurrency is also increasing in popularit‚Ä¶",,,,,['https://pbs.twimg.com/card_img/1494544691928485890/T2NXT3qq?format=jpg&name=360x360'],https://twitter.com/iinnoact/status/1496545148263612416
Traderprofesional.com,@TTtradertwit,2022-02-23T07:21:18.000Z,"Traderprofesional.com
@TTtradertwit
¬∑
Feb 23",Bitcoin https://is.gd/t0gPpq #trading #bolsa #cfds,,,,,['https://pbs.twimg.com/media/FMQ56jUXwAAVZKO?format=jpg&name=medium'],https://twitter.com/TTtradertwit/status/1496384659512565763
iinnoact,@iinnoact,2022-02-23T22:24:36.000Z,"iinnoact
@iinnoact
¬∑
Feb 23","Best Bitcoin Casino Guide
iinnoact.es
Best Bitcoin Casino Guide
Fraudulent behavior on the part do you agree of online casinos has been documented, almost exclusively by player advocacy websites and forums. The most commonly reported behavior is a refusal to pa‚Ä¶",,,,,['https://pbs.twimg.com/card_img/1494544691928485890/T2NXT3qq?format=jpg&name=360x360'],https://twitter.com/iinnoact/status/1496611981058625546
weedlove,@weedlove10,2022-02-23T13:52:17.000Z,"weedlove
@weedlove10
¬∑
Feb 23","I've just created ""tower bridge "" collectible! https://rarible.com/token/0xc9154424B823b10579895cCBE442d41b9Abd96Ed:63137438784247334798236867981118476159538857917124561150944729468407577051190‚Ä¶ #rarible #ethereum #nonfungible #digitalasset #nft a trav√©s de 
@rarible
rarible.com
tower bridge
2",,,,2,['https://pbs.twimg.com/card_img/1496483034299830272/KTyCno9v?format=jpg&name=medium'],https://twitter.com/weedlove10/status/1496483051341336576
V√≠ctor R. Pardilla,@VictorPardilla,2022-02-23T18:14:04.000Z,"V√≠ctor R. Pardilla
@VictorPardilla
¬∑
Feb 23","""Read news about JPMorgan's cryptocurrency, valutation of Ethereum and CBOE Bitcoin Futures on Coin360. Watch prices of cryptocurrency on our heatmap widget.""
coin360.com
JPMorgan's crypto, Bitcoin Futures, Valuation of Ethereum
Read news about JPMorgan's cryptocurrency, valutation of Ethereum and CBOE Bitcoin Futures on Coin360. Watch prices of cryptocurrency on our heatmap widget.",,,,,[],https://twitter.com/VictorPardilla/status/1496548931492265989
Imaddin Amsif,@imaddinAmsif,2022-02-23T00:18:48.000Z,"Imaddin Amsif
@imaddinAmsif
¬∑
Feb 22","@gavofyork
  I have promised to bring you to one of my interviews to be with my students.
Thank you for everything, very few people are aware that without just Bitcoin we would not have Bitcoin and we would not have been able to bring business models to Blockchain.
1",,,,1,[],https://twitter.com/imaddinAmsif/status/1496278333545398273
Alfonso S√°nchez,@reacziona,2022-02-23T11:06:30.000Z,"Alfonso S√°nchez
@reacziona
¬∑
Feb 23","El valor total bloqueado en Bitcoin Lightning Network alcanza los $1,3 mil millones
es.beincrypto.com
El valor total bloqueado en Bitcoin Lightning Network alcanza los $1,3 mil millones - BeInCrypto
La cantidad de BTC bloqueados en Lightning Network (LN) se ha triplicado de 1,089 BTC en 2021 a 3,479 BTC, seg√∫n DeFi Pulse. Los BTC bloqueados est√°n valorados actualmente en 1,300 millones de...
1",,1,,,['https://pbs.twimg.com/card_img/1496414863517786119/ccpvrn8I?format=jpg&name=medium'],https://twitter.com/reacziona/status/1496441329483751424
inma,@immakulee,2022-02-23T01:15:47.000Z,"inma
@immakulee
¬∑
Feb 22","Replying to 
@MSheeP10
 @acaibcwl
 and 
@OoCPokemon
I thought it said no bitcoin ",üßÅ üíÄ,,,,[],https://twitter.com/immakulee/status/1496292671043907587
AquarianFutures‚ôíÔ∏é,@FractalKaleido1,2022-02-23T09:33:23.000Z,"AquarianFutures‚ôíÔ∏é
@FractalKaleido1
¬∑
Feb 23","Replying to 
@zhusu
The logic of ‚Äúgive investors exposure to Bitcoin‚Äù by avoiding self custody and giving a vault ""custody‚Äù ..

What is this sorcery that they just can‚Äôt buy it for themselves? Microstrategy.
1",,,1,,[],https://twitter.com/FractalKaleido1/status/1496417899027865600
Knut Svanholm,@knutsvanholm,2022-02-23T11:15:57.000Z,"Knut Svanholm
@knutsvanholm
¬∑
Feb 23","Replying to 
@DiedenFredrik
 @Stephan_barker
 and 
@saifedean
The only mechanism doing it right is #Bitcoin 

Look at the data

The number of whales is decreasing
The number of shrimp is increasing

The opposite of socialism actually redistributes wealth
1
1",,1,,1,[],https://twitter.com/knutsvanholm/status/1496443710514601988
Emeka Azuka Okoye,@EmekaOkoye,2022-02-23T17:11:19.000Z,"Emeka Azuka Okoye
@EmekaOkoye
¬∑
Feb 23","Replying to 
@bava23
 and 
@Carnage4Life
IMHO

Cash
Bitcoin
CBDC

Will all co-exist in the future.

In Africa, cash will be king for a long time.
1
1",,1,,1,[],https://twitter.com/EmekaOkoye/status/1496533141359583236
Odis,@OdisRiedl,2022-02-23T13:20:27.000Z,"Odis
@OdisRiedl
¬∑
Feb 23","Replying to 
@RossionQ
 @bitcoin_bojo
 and 3 others
and/or live in Germany
1",‚ö°,1,,,[],https://twitter.com/OdisRiedl/status/1496475041646657540
Seamus Molloy,@seamusmolloy21,2022-02-24T18:32:17.000Z,"Seamus Molloy
@seamusmolloy21
¬∑
Feb 24","You do know, map reading used to be a critical skill once!!! #Bitcoin",,,,,"['https://pbs.twimg.com/media/FMYdEm4WYAMX_Cf?format=jpg&name=medium', 'https://pbs.twimg.com/media/FMYdFCQX0AgmN58?format=jpg&name=small', 'https://pbs.twimg.com/media/FMYdE1GXsAk-X2z?format=jpg&name=medium', 'https://pbs.twimg.com/media/FMYdFNzXEAUQWG0?format=jpg&name=small']",https://twitter.com/seamusmolloy21/status/1496915903581196289
iinnoact,@iinnoact,2022-02-24T18:21:21.000Z,"iinnoact
@iinnoact
¬∑
Feb 24","Bitcoin Casino List
iinnoact.es
Bitcoin Casino List
It‚Äôs a great way to go if you‚Äôre handling virtual coins for the first time. Although, perhaps the most important characteristic of Bitcoin is decentralization. Players the world over can deposit fu‚Ä¶",,,,,['https://pbs.twimg.com/card_img/1494544691928485890/T2NXT3qq?format=jpg&name=360x360'],https://twitter.com/iinnoact/status/1496913152470130692
Carlos,@Geoyde,2022-02-24T20:25:10.000Z,"Carlos
@Geoyde
¬∑
Feb 24","#Bitcoin  wins.
Finish FIAT!!!",,,,,[],https://twitter.com/Geoyde/status/1496944312050982914
Ramon Quesada,@RamonQuesadaT,2022-02-24T00:13:03.000Z,"Ramon Quesada
@RamonQuesadaT
¬∑
Feb 23","WTF!!!!
""This means that Bitcoin could become illegal within the European Union starting from Jan. 1, 2025.""
u.today
EU on Track to Ban Bitcoin: Report
Bitcoin will be banned in the EU starting from 2025 if the Commission and the Council of the EU don‚Äôt ditch a crippling amendment to the MiCA framework
3
4
5",üå∑,3,4,5,['https://pbs.twimg.com/card_img/1496549299446034432/okx1Bpbu?format=jpg&name=900x900'],https://twitter.com/RamonQuesadaT/status/1496639273503797253
Hernani,@theHman10,2022-02-24T19:43:09.000Z,"Hernani
@theHman10
¬∑
Feb 24","Replying to 
@BigCheds
Do you think that Bitcoin is showing some strong demand at 33/34k area even with the world news its holding that level. I feel like back in the day this type of event wouldve resulted in a much worse selloff
1",,,,1,[],https://twitter.com/theHman10/status/1496933739443765251
V√≠ctor R. Pardilla,@VictorPardilla,2022-02-24T19:17:49.000Z,"V√≠ctor R. Pardilla
@VictorPardilla
¬∑
Feb 24","Cryptocurrency market analysis, Bitcoin days away from breaking bear market record, Ripple overvalued, Georgia‚Äôs crypto mining going strong, Crypto scams, hackers.
coin360.com
Bitcoin & Bear market, Ripple overvalued, Crypto scam: Market analysis
Cryptocurrency market analysis, Bitcoin days away from breaking bear market record, Ripple overvalued, Georgia‚Äôs crypto mining going strong, Crypto scams, hackers.
1",,1,,,['https://pbs.twimg.com/card_img/1496577108033871878/2vOPSJCz?format=png&name=medium'],https://twitter.com/VictorPardilla/status/1496927364764381187
Peter T√∂gel,@ptogel,2022-02-24T09:14:01.000Z,"Peter T√∂gel
@ptogel
¬∑
Feb 24","Putin probably my bed his mom neu into 
@Bitcoin
 #war #Putin",,,,,[],https://twitter.com/ptogel/status/1496775410876571649
Kristof Roomp,@KristofRoomp,2022-02-24T11:04:51.000Z,"Kristof Roomp
@KristofRoomp
¬∑
Feb 24","Replying to 
@GordonJohnson19
 and 
@Bitcoin
I don‚Äôt think you can call Bitcoin a security since it doesn‚Äôt actually give and rights or represent anything of financial value other than itself.",,,,,[],https://twitter.com/KristofRoomp/status/1496803301744168960
Ramon Quesada,@RamonQuesadaT,2022-02-25T00:44:46.000Z,"Ramon Quesada
@RamonQuesadaT
¬∑
Feb 24","Download HandCash 4.0 and start testing the power of Bitcoin with micro payments and apps like never before!
2
7
30",üå∑,2,7,30,['https://pbs.twimg.com/media/FMZyVfCXEAEgv6X?format=jpg&name=medium'],https://twitter.com/RamonQuesadaT/status/1497009642559672324
Knut Svanholm,@knutsvanholm,2022-02-25T08:43:55.000Z,"Knut Svanholm
@knutsvanholm
¬∑
Feb 25","Needs to be said; The Dollar is a ponzi scheme & unregulated security that cannot create real BTC b/c unlike a #Bitcoin there is no underlying energy expenditure; for each winner, there are MULTIPLE losers. As smart BTC exits, the bubble will collapse spectacularly.
Gordon Johnson
@GordonJohnson19
 ¬∑ Feb 23
Needs to be said; @Bitcoin is a ponzi scheme (our opinion) & unregulated security that cannot create real $ b/c unlike a stock there is no underlying asset that generates income; for each winner, there are MULTIPLE losers. As smart $ exits, the bubble will collapse spectacularly.
2
6
43",,2,6,43,['https://pbs.twimg.com/profile_images/2974714054/5ad61ff4bc78b5fc63dcc74f840e42ef_normal.jpeg'],https://twitter.com/knutsvanholm/status/1497130224936443906
Samantha's broken heart,@Sad_angel_Xo,2022-02-25T04:03:29.000Z,"Samantha's broken heart
@Sad_angel_Xo
¬∑
Feb 24","Replying to 
@Bitcoin
The world has moved on beyond gold and it is no longer a necessity to us, it's old news. Even old people are no longer interested in it. I know older gents in the trading world who are selling gold to buy btc and even memecoins like ELON. Strange times
4
1
4",,4,1,4,[],https://twitter.com/Sad_angel_Xo/status/1497059652022022144
Knut Svanholm,@knutsvanholm,2022-02-25T12:40:13.000Z,"Knut Svanholm
@knutsvanholm
¬∑
Feb 25","Hey 
@billburr
 !

There's a new 
@meshuggah
 song out and I think it's about #Bitcoin!

I think you'll like it!
Brrrta, brrrta, brrrta, brrrta 
youtube.com
MESHUGGAH ‚Äì The Abysmal Eye (Official Music Video)
MESHUGGAHs single ‚ÄúThe Abysmal Eye‚ÄùTaken from Album ‚ÄúImmutable‚Äù (April 1, 2022)Stream / get it here: https://meshuggah.afr.link/immutable
2
1
10",üòâ ‚ñ∂,2,1,10,['https://pbs.twimg.com/card_img/1496912079479091201/wV30Ytyg?format=jpg&name=360x360'],https://twitter.com/knutsvanholm/status/1497189693359857666
karraskiyo,@karraskiyo,2022-02-25T19:40:17.000Z,"karraskiyo
@karraskiyo
¬∑
Feb 25","Replying to 
@AltcoinDailyio
How can be illegal something that was declared illegal before? Do they remember how many times Bitcoin has been declared illegal in China?
8
8
393",,8,8,393,[],https://twitter.com/karraskiyo/status/1497295404047683584
avalBit,@avalBit,2022-02-25T10:50:07.000Z,"avalBit
@avalBit
¬∑
Feb 25","Play-to-Earn Blockchain Game Axie Infinity Surpasses $4 Billion in All-Time NFT Sales ‚Äì Blockchain Bitcoin News
news.bitcoin.com
Play-to-Earn Blockchain Game Axie Infinity Surpasses $4 Billion in All-Time NFT Sales ‚Äì Blockchain...
The online video game crafted by the Vietnamese software studio Sky Mavis, surpassed $4 billion in all-time non-fungible token (NFT) sales.
1",,,,1,['https://pbs.twimg.com/card_img/1498048587820941313/8r0-YrRW?format=jpg&name=medium'],https://twitter.com/avalBit/status/1497161983002619921
avalBit,@avalBit,2022-02-25T21:45:05.000Z,"avalBit
@avalBit
¬∑
Feb 25","JPMorgan Opens a Lounge in the Metaverse After Stating the $1 Trillion Market 'Will Likely Infiltrate Every Sector' ‚Äì Metaverse Bitcoin News
news.bitcoin.com
JPMorgan Opens a Lounge in the Metaverse After Stating the $1 Trillion Market 'Will Likely Infilt...
Global Investment bank JPMorgan says, ""The metaverse will likely infiltrate every sector in some way in the coming years, with the market opportunity estimated at over $1 trillion in yearly revenue...
1
2",,1,,2,['https://pbs.twimg.com/card_img/1498139235920007174/ww4LBeww?format=jpg&name=medium'],https://twitter.com/avalBit/status/1497326810203402251
avalBit,@avalBit,2022-02-25T18:45:10.000Z,"avalBit
@avalBit
¬∑
Feb 25","How Bitcoin Fits With ‚ÄòBeautiful Mind‚Äô Mathematician John Nash‚Äôs Ideal Money
bitcoinmagazine.com
How Bitcoin Fits With ‚ÄòBeautiful Mind‚Äô Mathematician John Nash‚Äôs Ideal Money
Pioneering mathematician John Nash laid out a concept for ‚ÄúIdeal Money‚Äù that has parallels with Satoshi Nakamoto‚Äôs Bitcoin.",,,,,['https://pbs.twimg.com/card_img/1498440953786470405/CRHQE6qq?format=jpg&name=medium'],https://twitter.com/avalBit/status/1497281533920653319
avalBit,@avalBit,2022-02-25T20:30:09.000Z,"avalBit
@avalBit
¬∑
Feb 25","Inside Immersion Cooling: The Pros And Cons Of Bitcoin Mining‚Äôs Rapidly-Growing Practice
bitcoinmagazine.com
Inside Immersion Cooling: The Pros And Cons Of Bitcoin Mining‚Äôs Rapidly-Growing Practice
Immersion cooling has emerged as a rapidly-evolving technique for increasing bitcoin mining rig efficiency, with many pros, cons and details to consider.",,,,,['https://pbs.twimg.com/card_img/1498285841847828487/PyLgBGiJ?format=jpg&name=medium'],https://twitter.com/avalBit/status/1497307953166180354
Knut Svanholm,@knutsvanholm,2022-02-25T07:21:32.000Z,"Knut Svanholm
@knutsvanholm
¬∑
Feb 25","@meshuggah
 's new album is called ""Immutable""

Read the lyrics to this new single (in the notes) and tell me it's not about #Bitcoin and the fall of the central banks!

Not for the light-hearted...
youtube.com
MESHUGGAH ‚Äì The Abysmal Eye (Official Music Video)
MESHUGGAHs single ‚ÄúThe Abysmal Eye‚ÄùTaken from Album ‚ÄúImmutable‚Äù (April 1, 2022)Stream / get it here: https://meshuggah.afr.link/immutable
3
1
7",‚ñ∂,3,1,7,['https://pbs.twimg.com/card_img/1496912079479091201/wV30Ytyg?format=jpg&name=360x360'],https://twitter.com/knutsvanholm/status/1497109493548826628
iinnoact,@iinnoact,2022-02-25T12:06:42.000Z,"iinnoact
@iinnoact
¬∑
Feb 25","The Best New Bitcoin Casinos Of 2021
iinnoact.es
The Best New Bitcoin Casinos Of 2021
While this is a marketing strategy to attract players into the Casino, it‚Äôs vital for new players to look for casinos that offer them. While this gives you a chance to receive free money, it also o‚Ä¶",,,,,['https://pbs.twimg.com/card_img/1497082088197083170/8KM6KOT6?format=jpg&name=360x360'],https://twitter.com/iinnoact/status/1497181258518044679
iinnoact,@iinnoact,2022-02-25T11:19:09.000Z,"iinnoact
@iinnoact
¬∑
Feb 25","Best Bitcoin Casinos ¬ª Find The Best Crypto Casino
iinnoact.es
Best Bitcoin Casinos ¬ª Find The Best Crypto Casino
Apart from deposits and withdrawals, I also paid attention to the overall quality of each casino, making a thorough assessment test to narrow down the list. Any bitcoin casino that didn‚Äôt score the‚Ä¶",,,,,['https://pbs.twimg.com/card_img/1497082088197083170/8KM6KOT6?format=jpg&name=360x360'],https://twitter.com/iinnoact/status/1497169290889515017
V√≠ctor R. Pardilla,@VictorPardilla,2022-02-25T18:06:15.000Z,"V√≠ctor R. Pardilla
@VictorPardilla
¬∑
Feb 25","There's a feature on Twitter that lets you receive tips via third-party payment channels. Learn how to set up this feature and how to send bitcoin-denominated tips.
coindesk.com
How to Send Bitcoin Tips on Twitter
There is now a new feature on Twitter that lets you receive tips via third-party payment channels. Learn how to set up this feature to start sending bitcoin-denominated tips.",,,,,['https://pbs.twimg.com/card_img/1497172493496315906/LylzHpXf?format=jpg&name=medium'],https://twitter.com/VictorPardilla/status/1497271739436441603
Pavel Nosok,@PavelNosok,2022-02-25T18:09:32.000Z,"Pavel Nosok
@PavelNosok
¬∑
Feb 25","LUNA rallies, Bitcoin jumps above $39k as war in Ukraine continues
1010.team
LUNA rallies, Bitcoin jumps above $39k as war in Ukraine continues - 1010.team
Some days make it difficult to find joy, even as crypto markets are rallying. The post LUNA rallies, Bitcoin jumps above $39k as war in Ukraine continues appeared first on CryptoSlate.",,,,,[],https://twitter.com/PavelNosok/status/1497272567148826633
V√≠ctor R. Pardilla,@VictorPardilla,2022-02-25T07:17:59.000Z,"V√≠ctor R. Pardilla
@VictorPardilla
¬∑
Feb 25","USDT only has enough cash to back 74% of its supply. 89% of people have heard of Bitcoin. ITIF released recommendations on how to regulate blockchain technology.
coin360.com
USDT can only back 74% of its supply, 89% of people heard of Bitcoin
USDT only has enough cash to back 74% of its supply. 89% of people have heard of Bitcoin. ITIF released recommendations on how to regulate blockchain technology.",,,,,[],https://twitter.com/VictorPardilla/status/1497108598383648769
iinnoact,@iinnoact,2022-02-25T17:39:58.000Z,"iinnoact
@iinnoact
¬∑
Feb 25","Bitcoin Casino & Sports Betting
iinnoact.es
Bitcoin Casino & Sports Betting
informative post Here are the reasons why Bitcoin gambling platforms engage players and a simple guide on how to create an online Bitcoin casino. Gamblers prefer traditional payments- Many players ‚Ä¶",,,,,['https://pbs.twimg.com/card_img/1497082088197083170/8KM6KOT6?format=jpg&name=360x360'],https://twitter.com/iinnoact/status/1497265127426564099
iinnoact,@iinnoact,2022-02-25T06:09:13.000Z,"iinnoact
@iinnoact
¬∑
Feb 25","Best Bitcoin Casinos Reviewed 2021 Updated
iinnoact.es
Best Bitcoin Casinos Reviewed 2021 Updated
No third party is given access to your personal and financial information. In addition, you will not encounter the chargeback issues associated with the standard credit cards.",,,,,['https://pbs.twimg.com/card_img/1497082088197083170/8KM6KOT6?format=jpg&name=360x360'],https://twitter.com/iinnoact/status/1497091294199529473
Knut Svanholm,@knutsvanholm,2022-02-25T15:42:50.000Z,"Knut Svanholm
@knutsvanholm
¬∑
Feb 25","Replying to 
@w_s_bitcoin
 and 
@PROBABLYN0THING
There will always be at least as much value in other assets as there are #Bitcoin 

The point of /21M is that bitcoin has the potential to represent all those assets one day
4",‚ôæ,,,4,[],https://twitter.com/knutsvanholm/status/1497235647093870595
Alfreedom,@quetooll,2022-02-25T18:30:51.000Z,"Alfreedom
@quetooll
¬∑
Feb 25","Replying to 
@blisstweeting
 @DmytroKuleba
 and 2 others
Everything is going to be obsolete (it is already a fact) once #Bitcoin gets globally adopted
1
1",ü¶î,1,,1,[],https://twitter.com/quetooll/status/1497277929453092865
‚Ä¢ Kev ‚Ä¢,@CryptoKev89,2022-02-26T09:56:53.000Z,"‚Ä¢ Kev ‚Ä¢
@CryptoKev89
¬∑
Feb 26","#Crypto is the fucking future! I don‚Äôt give a fuck about politics, they are all a bunch of scumbags! Shame on them But I have the need to thank them to show the world how necessary crypto is and how rotten our finance system is as well‚Ä¶ Long live to #crypto #Bitcoin
ARTYOM FŒûDOSOV
@usleepwalker
 ¬∑ Feb 25
My Ukrainian credit cards don't work anymore. I'm safe physically in Kazakhstan, but all my savings are gone.

Crypto is the only money I still have, and today I can say without exaggeration that $BTC, $ETH, and #NFT are going to save my life while I can't come back home.
2
6",üåã üñï,2,,6,['https://pbs.twimg.com/profile_images/1488213337880018948/OJMshP06_normal.jpg'],https://twitter.com/CryptoKev89/status/1497510975855112192
karraskiyo,@karraskiyo,2022-02-26T20:55:14.000Z,"karraskiyo
@karraskiyo
¬∑
Feb 26","Replying to 
@AltcoinDailyio
Don‚Äôt worry. Just China can ban Bitcoin eternally. At least once or twice a year. 
5
4",üòÇ ü§£ üòÇ,5,,4,[],https://twitter.com/karraskiyo/status/1497676653832683533
Traderprofesional.com,@TTtradertwit,2022-02-26T05:21:38.000Z,"Traderprofesional.com
@TTtradertwit
¬∑
Feb 25",Bitcoin https://is.gd/t0gPpq #trading #bolsa #cfds,,,,,['https://pbs.twimg.com/media/FMf7Sl_XIAE9jK7?format=jpg&name=medium'],https://twitter.com/TTtradertwit/status/1497441704366022656
Knut Svanholm,@knutsvanholm,2022-02-26T09:05:45.000Z,"Knut Svanholm
@knutsvanholm
¬∑
Feb 26","Replying to 
@My_Livin_Truth
A price is nothing but a signal. It is the signal the market produces, regardless of how manipulated that market is. Prices are the best representations of people's wants, needs and abilities there are. Bitcoin will, over time, make these signals sincerer and less distorted.
4
3
37",,4,3,37,[],https://twitter.com/knutsvanholm/status/1497498104865644548
Fionnghall Trail,@FionnTail,2022-02-26T05:08:52.000Z,"Fionnghall Trail
@FionnTail
¬∑
Feb 25","$SPY 

Bitcoin is slow as shit lol ",,,,,[],https://twitter.com/FionnTail/status/1497438491935870976
Rak,@Rakskuder,2022-02-26T16:03:14.000Z,"Rak
@Rakskuder
¬∑
Feb 26","I just listed ‚ÄúTRISKELION‚Äù for sale on 
@withFND
!  #NFT #NFTs #NFTCommunity  #NFTGiveaway #NFTGame #Crypto #ETH #Ethereum #cryptoart #digitalart #animation #art #ArtistOnTwitter #anime
foundation.app
TRISKELION | Foundation
TRISKELION TALES: She, the owner of the true Triskelion. She is a druid, she is magic, she is a brave soul, she is unique. She represents the power and unio‚Ä¶
1
7
10",üåê,1,7,10,['https://pbs.twimg.com/card_img/1497602648937500675/CmL_bq7h?format=jpg&name=large'],https://twitter.com/Rakskuder/status/1497603167890161664
iinnoact,@iinnoact,2022-02-26T23:01:19.000Z,"iinnoact
@iinnoact
¬∑
Feb 26","Finest Bitcoin On-line casinos For real Funds 2022 * America Bitcoin Gambling establishments
iinnoact.es
Finest Bitcoin On-line casinos For real Funds 2022 * America Bitcoin Gambling establishments
You can also pertain bros before making a accrual inside the evidence and get the benefit of a blueprint settings furnished by a new location. Some African attn : web-sites give added bonus product‚Ä¶
1",,,,1,[],https://twitter.com/iinnoact/status/1497708385248198660
iinnoact,@iinnoact,2022-02-26T15:46:54.000Z,"iinnoact
@iinnoact
¬∑
Feb 26","Online Bitcoin Casino Game, Online Bitcoin Casino Instant Withdrawal
iinnoact.es
Online Bitcoin Casino Game, Online Bitcoin Casino Instant Withdrawal
All of these pieces of information can be Huge Bad Wolf mermaids millions Megaways Quickspin found in the casino terms and conditions. ‚ÄúCryptos‚Äù like Bitcoin are becoming increasingly popular at on‚Ä¶
1",,1,,,[],https://twitter.com/iinnoact/status/1497599059896549383
iinnoact,@iinnoact,2022-02-26T13:13:44.000Z,"iinnoact
@iinnoact
¬∑
Feb 26","Online Bitcoin Casino Guide
iinnoact.es
Online Bitcoin Casino Guide
The casino has a wide range of games and includes 1000+ high-quality casino games, but lacks the popular sports book feature where you can bet on popular sporting events. The expectation is that as‚Ä¶",,,,,[],https://twitter.com/iinnoact/status/1497560514611789826
Joaquin,@Joaquin_Bob,2022-02-26T12:13:57.000Z,"Joaquin
@Joaquin_Bob
¬∑
Feb 26","Replying to 
@SeekingTheValue
Bitcoin fixes this
1",üè∑,1,,,[],https://twitter.com/Joaquin_Bob/status/1497545468901044227
iinnoact,@iinnoact,2022-02-26T18:57:01.000Z,"iinnoact
@iinnoact
¬∑
Feb 26","Bitcoin Very little Despoit Bonuses & Rules 2022
iinnoact.es
Bitcoin Very little Despoit Bonuses & Rules 2022
Found at TheBitcoinStrip.com everyone stack completely informative post new Bitcoin on-line casinos on a weekly basis and begin review on-line for ever that this trade should always ad.",,,,,['https://pbs.twimg.com/card_img/1497082088197083170/8KM6KOT6?format=jpg&name=360x360'],https://twitter.com/iinnoact/status/1497646903252733952
V√≠ctor R. Pardilla,@VictorPardilla,2022-02-26T16:21:27.000Z,"V√≠ctor R. Pardilla
@VictorPardilla
¬∑
Feb 26","Ethereum 2.0 developers plan to release the Phase 0 of Ethereum 2.0 roadmap. CME Bitcoin futures will expire on March, 29. Cryptocurrency backed by palladium.
coin360.com
Ethereum 2.0 Release & Roadmap, CME Bitcoin Futures Expire ‚Äì COIN360
Ethereum 2.0 developers plan to release the Phase 0 of Ethereum 2.0 roadmap. CME Bitcoin futures will expire on March, 29. Cryptocurrency backed by palladium.",,,,,[],https://twitter.com/VictorPardilla/status/1497607756211179526
iinnoact,@iinnoact,2022-02-26T20:50:30.000Z,"iinnoact
@iinnoact
¬∑
Feb 26","Bitcoin Basically no Despoit Add-ons & Regulations 2022
iinnoact.es
Bitcoin Basically no Despoit Add-ons & Regulations 2022
Added income may be used in month, rotates on 10 days, or else the seldom used will likely be drawn. Don‚Äôm ignore the chance to try out any one our complimentary ¬£5 various video poker machines bon‚Ä¶
1",,1,,,['https://pbs.twimg.com/card_img/1497082088197083170/8KM6KOT6?format=jpg&name=360x360'],https://twitter.com/iinnoact/status/1497675464491601931
iinnoact,@iinnoact,2022-02-26T07:25:35.000Z,"iinnoact
@iinnoact
¬∑
Feb 26","No Deposit Bitcoin Bonuses For 2021
iinnoact.es
No Deposit Bitcoin Bonuses For 2021
Almost all Canada‚Äôs Fast Paying Casinos have similar processing times. To make withdrawals Greatest Online Mobile Gambling enterprises Around australia faster and more secure, each player has to ve‚Ä¶",,,,,['https://pbs.twimg.com/card_img/1497082088197083170/8KM6KOT6?format=jpg&name=360x360'],https://twitter.com/iinnoact/status/1497472900525346816
Knut Svanholm,@knutsvanholm,2022-02-26T16:23:18.000Z,"Knut Svanholm
@knutsvanholm
¬∑
Feb 26","Replying to 
@wtfydinghere
 @Breedlove22
 and 
@WhatisMoneyShow
Criminal behavior is still criminal behavior

Bitcoin makes the mafia less powerful too, but I still don't like them either
1",,1,,,[],https://twitter.com/knutsvanholm/status/1497608217848864768
iinnoact,@iinnoact,2022-02-26T06:58:56.000Z,"iinnoact
@iinnoact
¬∑
Feb 26","Why Bitcoin Can be Stupid
iinnoact.es
Why Bitcoin Can be Stupid
Wildz is undoubtedly professional and commence operated from the Italia Bets Knowledgeable. A Pay out Nitrogen Play the game Betting house KYC approach is normally crucial moment as a result of int‚Ä¶",,,,,['https://pbs.twimg.com/card_img/1497082088197083170/8KM6KOT6?format=jpg&name=360x360'],https://twitter.com/iinnoact/status/1497466192981811204
Knut Svanholm,@knutsvanholm,2022-02-26T21:59:22.000Z,"Knut Svanholm
@knutsvanholm
¬∑
Feb 26","Replying to 
@AlexandrWilder
For starters, the labor theory of value is wrong, value is a subjective construct

Moreover, there is no DAO nor is there a need for one. The decentralization in #Bitcoin is there to prevent double spending. Nothing else. Decentralization is not an end in itself, but a means.
7",,7,,,[],https://twitter.com/knutsvanholm/status/1497692795552817154
Knut Svanholm,@knutsvanholm,2022-02-27T16:24:28.000Z,"Knut Svanholm
@knutsvanholm
¬∑
Feb 27","Make #Bitcoin , not war
11
30
148",,11,30,148,['https://pbs.twimg.com/media/FMncdQvXwAErQZK?format=jpg&name=medium'],https://twitter.com/knutsvanholm/status/1497970900460875776
Knut Svanholm,@knutsvanholm,2022-02-27T16:30:54.000Z,"Knut Svanholm
@knutsvanholm
¬∑
Feb 27","Throw a dice 99 times

Now you can receive #Bitcoin 

Few
5
6
112",,5,6,112,[],https://twitter.com/knutsvanholm/status/1497972520431104005
Imaddin Amsif,@imaddinAmsif,2022-02-27T01:59:27.000Z,"Imaddin Amsif
@imaddinAmsif
¬∑
Feb 26","Hey 
@PeterSchiff
 tell me any way to help the Ukrainian people with gold? Can you tell me how the Russian and Ukrainian people take refuge in gold in the middle of the war? Or the Russian people without SIWFT? 
Well, there is no need. 
We have Bitcoin.
2
16",,,2,16,[],https://twitter.com/imaddinAmsif/status/1497753211264028674
Knut Svanholm,@knutsvanholm,2022-02-27T16:22:47.000Z,"Knut Svanholm
@knutsvanholm
¬∑
Feb 27","I'm happy to admit that I know very little about the war in Ukraine

I've done some research, but I have very limited knowledge about the true motives behind this conflict

What I do know is that all wars are funded by taxes and inflation

Choose your focus carefully
#Bitcoin
6
7
128",,6,7,128,[],https://twitter.com/knutsvanholm/status/1497970478333505539
Ramon Quesada,@RamonQuesadaT,2022-02-27T07:50:09.000Z,"Ramon Quesada
@RamonQuesadaT
¬∑
Feb 27","""...I invented Bitcoin to walk the fine razor-edge between surveillance and criminal systems that is privacy.""

Fully Peer-to-Peer
By Craig Wright 
06 Jun 2019
craigwright.net
Fully Peer-to-Peer
6
11",üå∑,,6,11,['https://pbs.twimg.com/card_img/1497436346234851328/bIFpc9xJ?format=jpg&name=small'],https://twitter.com/RamonQuesadaT/status/1497841469188620291
Ramon Quesada,@RamonQuesadaT,2022-02-27T08:03:28.000Z,"Ramon Quesada
@RamonQuesadaT
¬∑
Feb 27","""As the verdict of Kleiman v. Wright trial from the US federal court,...He was cleared of fraudulent charges by the jury, except the charge of conversion on intellectual property""

How Bitcoin was created - the inventor and people involved.
Fen 26, 2022
blog.bsvdata.com
How Bitcoin was created - the inventor and people involved
InventorDr. Craig Steven Wright is the Inventor of Bitcoin under the pseudonym Satoshi Nakamoto. He is an Australian computer scientist(PhD), lecturer, businessman and inventor currently living in...
5
11",üå∑,,5,11,['https://pbs.twimg.com/card_img/1497635194144186370/1O56SaXH?format=jpg&name=medium'],https://twitter.com/RamonQuesadaT/status/1497844822186545154
Fionnghall Trail,@FionnTail,2022-02-27T22:42:04.000Z,"Fionnghall Trail
@FionnTail
¬∑
Feb 27","$BTC I hope they work it out. If not I guess Russia will be forced to use bitcoin to buy war stuff  
1
1",üëÄ,1,,1,['https://pbs.twimg.com/media/FMozAeDakAEHkzy?format=jpg&name=medium'],https://twitter.com/FionnTail/status/1498065925584539649
Samantha's broken heart,@Sad_angel_Xo,2022-02-27T07:39:05.000Z,"Samantha's broken heart
@Sad_angel_Xo
¬∑
Feb 27","Replying to 
@MMCrypto
Bitcoin is essential and crucial, this is what everyone knew, it just needed a better way to be implemented. Now more than ever, there are even more coins such as DOGE ELON SHIB which are showing that they can be valuable too!
4
5",,4,,5,[],https://twitter.com/Sad_angel_Xo/status/1497838682371346437
RobertBTC,@RobertPortoles,2022-02-27T09:13:35.000Z,"RobertBTC
@RobertPortoles
¬∑
Feb 27","Replying to 
@DanielMuvdiYT
Bitcoin!
1
1
1",üöÄ,1,1,1,[],https://twitter.com/RobertPortoles/status/1497862467912966150
iinnoact,@iinnoact,2022-02-27T05:58:12.000Z,"iinnoact
@iinnoact
¬∑
Feb 26","Bitcoin Btc Casino
iinnoact.es
Bitcoin Btc Casino
Apart from Bitcoin gambling, they also have slot games for which they regularly offer complimentary spins and other bonuses. You can also try new slots introduced by Rival Gaming named I-slots with‚Ä¶",,,,,['https://pbs.twimg.com/card_img/1497082088197083170/8KM6KOT6?format=jpg&name=360x360'],https://twitter.com/iinnoact/status/1497813295427985412
iinnoact,@iinnoact,2022-02-27T03:11:53.000Z,"iinnoact
@iinnoact
¬∑
Feb 26","Best Bitcoin Casinos 77+ Bitcoin Gambling Sites In 2021
iinnoact.es
Best Bitcoin Casinos 77+ Bitcoin Gambling Sites In 2021
Now cryptocurrencies are only being accepted by the world, and so far there are not many technologies that are ready to ensure the massive attraction of the population to the crypto market. Accordi‚Ä¶",,,,,['https://pbs.twimg.com/card_img/1497082088197083170/8KM6KOT6?format=jpg&name=360x360'],https://twitter.com/iinnoact/status/1497771439340072963
ùï¨,@arobthc,2022-02-27T22:17:59.000Z,"ùï¨
@arobthc
¬∑
Feb 27","Replying to 
@inferwastaken1
ethereum",,,,,[],https://twitter.com/arobthc/status/1498059868309237766
RobertBTC,@RobertPortoles,2022-02-27T09:13:00.000Z,"RobertBTC
@RobertPortoles
¬∑
Feb 27","Replying to 
@ramonarcusa
 and 
@RafaelNadal
Bitcoin
1
2",,,1,2,[],https://twitter.com/RobertPortoles/status/1497862320537718786
RobertBTC,@RobertPortoles,2022-02-27T09:13:18.000Z,"RobertBTC
@RobertPortoles
¬∑
Feb 27","Replying to 
@clost0
Bitcoin
1
1",,,1,1,[],https://twitter.com/RobertPortoles/status/1497862394231541760
RobertBTC,@RobertPortoles,2022-02-27T09:13:10.000Z,"RobertBTC
@RobertPortoles
¬∑
Feb 27","Replying to 
@foga112812
 @epigmenioibarra
 and 3 others
Bitcoin
1
1",,,1,1,[],https://twitter.com/RobertPortoles/status/1497862361356644355
iinnoact,@iinnoact,2022-02-27T05:17:49.000Z,"iinnoact
@iinnoact
¬∑
Feb 26","Best Bitcoin Casinos 2021
iinnoact.es
Best Bitcoin Casinos 2021
However, you can play all crypto casino games, profit from them, and send the money to your wallet or even bank in USD with no worries. In addition, the first deposit also results in a 100% deposit‚Ä¶",,,,,['https://pbs.twimg.com/card_img/1497010160660746251/37E1WF1b?format=jpg&name=360x360'],https://twitter.com/iinnoact/status/1497803133006745603
RobertBTC,@RobertPortoles,2022-02-27T09:14:46.000Z,"RobertBTC
@RobertPortoles
¬∑
Feb 27","Replying to 
@IdiazAyuso
Bitcoin",,,,,[],https://twitter.com/RobertPortoles/status/1497862763145838594
Ryan Minami,@ryanminami4,2022-02-27T04:45:14.000Z,"Ryan Minami
@ryanminami4
¬∑
Feb 26",Ethereum gas fees almost as high as the gas fees for my car #ETH #ADA #XRP,üó∫,,,,[],https://twitter.com/ryanminami4/status/1497794931741495299
RobertBTC,@RobertPortoles,2022-02-27T09:15:05.000Z,"RobertBTC
@RobertPortoles
¬∑
Feb 27","Replying to 
@geoestratego
Bitcoin",,,,,[],https://twitter.com/RobertPortoles/status/1497862844410388482
